name,description,framework_id
Objetivo 1: Poner fin a la pobreza en todas sus formas en todo el mundo,"Erradicar la pobreza extrema para todas las personas en todo el mundo para 2030 es un objetivo fundamental de la Agenda 2030 para el desarrollo sostenible.
La pobreza extrema, entendida como el hecho de sobrevivir con menos de 2,15 dólares por persona al día según la paridad del poder adquisitivo de 2017, ha experimentado descensos notables en las últimas décadas. Sin embargo, la aparición de la COVID-19 marcó un punto de inflexión, al revertir estos avances, ya que el número de personas que viven en la pobreza extrema aumentó por primera vez en una generación en casi 90 millones con respecto a las predicciones anteriores.
Incluso antes de la pandemia, el impulso de la reducción de la pobreza se estaba desacelerando. Para finales de 2022, el pronóstico inmediato sugirió que el 8,4 % de la población mundial, o hasta 670 millones de personas, podrían seguir viviendo en la pobreza extrema. Este revés borró efectivamente alrededor de tres años de progreso en el alivio de la pobreza.
Si persisten los patrones actuales, se estima que el 7 % de la población mundial (aproximadamente 575 millones de personas) aún podría encontrarse atrapada en la pobreza extrema para 2030, con una concentración significativa en el África subsahariana.
Una revelación alarmante es el resurgimiento de los niveles de hambre a los registrados por última vez en 2005. Igualmente preocupante es el aumento persistente de los precios de los alimentos en un mayor número de países en comparación con el período de 2015 a 2019. Este doble problema de la pobreza y la seguridad alimentaria plantea una grave preocupación mundial.",1
Objetivo 2: Poner fin al hambre,"El objetivo 2 es crear un mundo libre de hambre para 2030. El problema global del hambre y la inseguridad alimentaria ha mostrado un aumento alarmante desde 2015, una tendencia exacerbada por una combinación de factores que incluyen la pandemia, los conflictos, el cambio climático y la profundización de las desigualdades.
En 2022, aproximadamente 735 millones de personas (o el 9,2 % de la población mundial) se encontraban en estado de hambre crónica, un aumento vertiginoso en comparación con 2019. Estos datos subrayan la gravedad de la situación y revelan una crisis creciente.
Además, se estima que 2400 millones de personas se enfrentaron a inseguridad alimentaria de moderada a grave en 2022; lo que significa que carecen de acceso a una alimentación suficiente. Este número aumentó en unos alarmantes 391 millones de personas en comparación con 2019.
El persistente aumento del hambre y la inseguridad alimentaria, impulsado por una compleja interacción de factores, exige atención inmediata y esfuerzos globales coordinados para aliviar este desafío humanitario crítico.
El hambre y la malnutrición extremas siguen siendo un obstáculo para el desarrollo sostenible y crean una trampa de la que las personas no pueden escapar fácilmente. El hambre y la malnutrición se traducen en individuos menos productivos, más propensos a las enfermedades y, por tanto, a menudo imposibilitados para ganar más y mejorar sus medios de subsistencia. 2000 millones de personas en el mundo no tienen acceso habitual a alimentos seguros, nutritivos y suficientes. En 2022, 148 millones de niños sufrieron retraso en el crecimiento y 45 millones de niños menores de 5 años sufrieron emaciación.",1
Objetivo 3: Garantizar una vida sana y promover el bienestar para todos en todas las edades,"En los últimos años se han logrado grandes avances en la mejora de la salud de las personas. 146 de 200 países o regiones ya han cumplido o están en camino de alcanzar la meta de los ODS sobre mortalidad en menores de 5 años. El tratamiento eficaz contra el VIH ha reducido las muertes relacionadas con el sida en un 52 % desde 2010 y se ha eliminado al menos una enfermedad tropical desatendida en 47 países.
Sin embargo, todavía persisten las desigualdades en el acceso a la atención sanitaria. La pandemia de la COVID-19 y otras crisis en curso han impedido el progreso hacia el objetivo 3. La vacunación infantil ha experimentado el mayor descenso en tres décadas y las muertes por tuberculosis y malaria han aumentado en comparación con los niveles previos a la pandemia.
Los Objetivos de Desarrollo Sostenible suponen un compromiso audaz para poner fin a las epidemias de sida, tuberculosis, malaria y otras enfermedades transmisibles para 2030. El objetivo es lograr la cobertura sanitaria universal y proporcionar acceso a medicamentos y vacunas seguros y asequibles para todos.
Para superar estos contratiempos y abordar las persistentes deficiencias en la atención de la salud, se necesita una mayor inversión en los sistemas sanitarios con el fin de apoyar a los países en su recuperación y desarrollar resiliencia contra futuras amenazas a la salud.",1
"Objetivo 4: Garantizar una educación inclusiva, equitativa y de calidad y promover oportunidades de aprendizaje durante toda la vida para todos","El progreso hacia una educación de calidad ya era más lento de lo requerido antes de la pandemia, pero la covid-19 ha tenido impactos devastadores en la educación, provocando pérdidas de aprendizaje en cuatro de cada cinco países de un total de 104 analizados.
Sin medidas adicionales, se estima que 84 millones de niños y jóvenes no asistirán a la escuela de aquí a 2030 y aproximadamente 300 millones de estudiantes carecerán de las habilidades básicas de aritmética y alfabetización necesarias para tener éxito en la vida.
El progreso hacia una educación de calidad ya era más lento de lo requerido antes de la pandemia, pero la covid-19 ha tenido impactos devastadores en la educación, provocando pérdidas de aprendizaje en cuatro de cada cinco países de un total de 104 analizados.
Sin medidas adicionales, se estima que 84 millones de niños y jóvenes no asistirán a la escuela de aquí a 2030 y aproximadamente 300 millones de estudiantes carecerán de las habilidades básicas de aritmética y alfabetización necesarias para tener éxito en la vida.
Además de la educación primaria y secundaria gratuita para todos los niños y niñas de aquí a 2030, el objetivo es proporcionar igualdad de acceso a una formación profesional asequible, eliminar las disparidades de género y riqueza y lograr el acceso universal a una educación superior de calidad.
La educación es la clave que permitirá alcanzar muchos otros objetivos de desarrollo sostenible (ODS). Cuando las personas pueden obtener una educación de calidad, pueden romper el ciclo de la pobreza.
La educación ayuda a reducir las desigualdades y a alcanzar la igualdad de género. También ayuda a las personas de todo el mundo vivir una vida más saludable y sostenible. La educación también es importante para fomentar la tolerancia entre las personas y contribuye al desarrollo de sociedades más pacíficas.
Para cumplir el objetivo 4, la financiación de la educación debe convertirse en una prioridad de inversión nacional. Además, medidas como hacer que la educación sea gratuita y obligatoria, aumentar el número de docentes, mejorar la infraestructura escolar básica y adoptar la transformación digital son esenciales.",1
Objetivo 5: Lograr la igualdad entre los géneros y empoderar a todas las mujeres y las niñas,"La igualdad de género no solo es un derecho humano fundamental, sino que es uno de los fundamentos esenciales para construir un mundo pacífico, próspero y sostenible. Se han conseguido algunos avances durante las últimas décadas, pero el mundo está lejos de alcanzar la igualdad de género para 2030.
Las mujeres y niñas constituyen la mitad de la población mundial y, por tanto, también la mitad de su potencial. Pero la desigualdad de género prevalece y estanca el progreso social.
De media, las mujeres ganan un 23 % menos que los hombres en el mercado laboral mundial y dedican el triple de horas al trabajo doméstico y de cuidados no remunerado que los hombres.
La violencia y la explotación sexuales, el reparto desigual del trabajo doméstico y de cuidados no remunerado y la discriminación en los cargos públicos siguen suponiendo enormes obstáculos. Todas estas desigualdades se han visto agravadas por la pandemia de la COVID-19: han aumentado las denuncias por violencia sexual, las mujeres han asumido más trabajo de cuidados debido al cierre de escuelas, y el 70 % del personal sanitario y social del mundo son mujeres.
Al ritmo actual, se calcula que se tardará 300 años en acabar con el matrimonio infantil, 286 años en subsanar las lagunas de protección jurídica y eliminar las leyes discriminatorias, 140 años en que las mujeres estén representadas en pie de igualdad en puestos de poder y liderazgo en el lugar de trabajo y 47 años en lograr la igualdad de representación en los parlamentos nacionales.
Es necesario un liderazgo político, unas inversiones y unas reformas políticas integrales para desmantelar las barreras sistémicas que impiden alcanzar el Objetivo 5. La igualdad de género es un objetivo transversal y debe ser un elemento clave en las políticas, presupuestos e instituciones nacionales.",1
Objetivo 6: Garantizar la disponibilidad de agua y su gestión sostenible y el saneamiento para todos,"El acceso al agua potable, el saneamiento y la higiene representan la necesidad humana más básica para el cuidado de la salud y el bienestar. Miles de millones de personas no tendrán acceso a estos servicios básicos en 2030 a menos que se cuadrupliquen los avances. El rápido crecimiento de la población, la urbanización y las crecientes necesidades en materia de agua de los sectores agrícola, industrial y energético están provocando un aumento de la demanda de agua.
La demanda de agua ha superado el crecimiento demográfico y la mitad de la población mundial actualmente sufre una escasez de agua grave durante al menos un mes al año. Se prevé que la escasez de agua aumente con el incremento de las temperaturas globales, provocado a su vez por el cambio climático.
Entre las medidas necesarias para garantizar el acceso universal al agua potable segura y asequible de aquí a 2030 se encuentran las inversiones en infraestructuras e instalaciones de saneamiento, la protección y el restablecimiento de los ecosistemas relacionados con el agua, así como la educación en materia de higiene. Además, la mejora del uso eficiente de los recursos hídricos es una de las claves para reducir el estrés hídrico.
Se ha producido una evolución positiva. Entre los años 2015 y 2022, la proporción de la población mundial con acceso a servicios de agua potable gestionados de manera segura aumentó del 69 % al 73 %.",1
"Objetivo 7: Garantizar el acceso a una energía asequible, segura, sostenible y moderna","El Objetivo 7 pretende garantizar el acceso a una energía limpia y asequible, clave para el desarrollo de la agricultura, las empresas, las comunicaciones, la educación, la sanidad y el transporte.
El mundo continúa avanzando para alcanzar las metas de energía sostenible, pero no lo suficientemente rápido. Al ritmo actual, alrededor de 660 millones de personas continuarán sin acceso a la energía eléctrica y casi 2000 millones de personas seguirán dependiendo de combustibles y tecnologías contaminantes para cocinar en 2030.
Nuestro día a día depende de una energía segura y asequible. No obstante, el consumo de energía sigue siendo la principal causa del cambio climático, ya que representa alrededor del 60 % de las emisiones mundiales de gases de efecto invernadero.
La tasa mundial de acceso a la energía eléctrica aumentó del 87 % en 2015 al 91 % en 2021.
Para garantizar acceso universal a electricidad asequible en 2030, es necesario invertir en fuentes de energía limpia, como la solar, eólica y termal. Ampliar las infraestructuras y mejorar la tecnología para suministrar energía limpia en todos los países en desarrollo son objetivos cruciales que contribuyen tanto al desarrollo como al medioambiente.",1
"Objetivo 8: Promover el crecimiento económico inclusivo y sostenible, el empleo y el trabajo decente para todos","El Objetivo 8 pretende promover el crecimiento económico inclusivo y sostenible, el empleo y el trabajo decente para todos.
Diversas crisis amenazan gravemente la economía mundial. Se prevé que el crecimiento real del PIB mundial per cápita se desacelere en 2023. Las difíciles condiciones económicas empujan a más trabajadores al empleo informal.
Se ha producido un incremento de la productividad laboral y un descenso de la tasa de desempleo a escala mundial. No obstante, es necesario seguir avanzando para mejorar las oportunidades de empleo, especialmente entre jóvenes, reducir el empleo informal y la desigualdad en el mercado laboral (sobre todo en lo que respecta a la brecha salarial entre hombres y mujeres), promover entornos de trabajo seguros y protegidos y mejorar el acceso a los servicios financieros para garantizar un crecimiento económico sostenido e inclusivo.
A medida que las economías empezaban a recuperarse de los efectos de la pandemia de la COVID-19, la tasa de desempleo mundial se redujo significativamente en 2022, cayendo hasta el 5,4 % a partir de un pico máximo del 6,6 % en 2020. Esta tasa fue inferior al nivel prepandémico del 5,5 % de 2019.",1
"Objetivo 9: Construir infraestructuras resilientes, promover la industrialización sostenible y fomentar la innovación","El Objetivo 9 pretende construir infraestructuras resilientes, promover la industrialización sostenible y fomentar la innovación.
El crecimiento económico, el desarrollo social y la acción por el clima dependen en gran medida de las inversiones en infraestructuras, el desarrollo industrial sostenible y el progreso tecnológico. Ante la rápida evolución del panorama económico mundial y el aumento de las desigualdades, el crecimiento sostenido debe implicar una industrialización que, en primer lugar, haga accesibles las oportunidades a todas las personas y, en segundo lugar, se apoye en la innovación y en infraestructuras resistentes.
La industria manufacturera mundial, considerada uno de los motores del crecimiento económico global, ha venido experimentando un declive constante debido a los aranceles y las tensiones comerciales, incluso antes del inicio de la pandemia de la COVID-19. El declive de la industria manufacturera provocado por la pandemia ha tenido graves repercusiones en la economía mundial.
Esto se debe principalmente a la elevada inflación, los cambios en el precio de la energía, las continuas interrupciones en el suministro de materias primas y productos intermedios, y la desaceleración de la economía mundial.
Mientras que los países menos adelantados (PMA) de Asia han realizado progresos considerables, los PMA de África tendrían que cambiar la trayectoria actual e intensificar significativamente sus avances para alcanzar el objetivo de aquí a 2030. Sin embargo, las industrias de tecnología media-alta y alta mostraron sólidas tasas de crecimiento.",1
Objetivo 10: Reducir la desigualdad en y entre los países,"La desigualdad amenaza el desarrollo social y económico a largo plazo, frena la reducción de la pobreza y destruye el sentido de realización y autoestima de las personas.
En la mayoría de los países, los ingresos del 40 % más pobre de la población aumentaron con mayor rapidez que la media nacional. Sin embargo, los últimos datos, aún no concluyentes, sugieren que la COVID-19 puede haber perjudicado esta tendencia positiva de reducción de la desigualdad dentro de los países.
La pandemia también provocó el mayor aumento de la desigualdad entre países en tres décadas. Para reducir la desigualdad tanto dentro de los países como entre ellos es necesario distribuir equitativamente los recursos, invertir en la enseñanza y el desarrollo de capacidades, implementar medidas de protección social, luchar contra la discriminación, apoyar a los grupos marginados y fomentar la cooperación internacional para un comercio y sistemas financieros justos.",1
"Objetivo 11: Lograr que las ciudades sean más inclusivas, seguras, resilientes y sostenible
","El Objetivo 11 pretende lograr que las ciudades y los asentamientos humanos sean inclusivos, seguros, resilientes y sostenibles.
Las ciudades representan el futuro del modo de vida global. La población mundial alcanzó los 8000 millones de personas en 2022, de las cuales más de la mitad viven en zonas urbanas. Se prevé que esta cifra aumente y que para 2050 el 70 % de la población vivirá en ciudades.
Aproximadamente 1100 millones de personas viven actualmente en barrios marginales, o en condiciones similares en las ciudades, y se espera que en los próximos 30 años haya 2000 millones más.
Sin embargo, muchas de estas ciudades no están preparadas para esta rápida urbanización, y el desarrollo de la vivienda, las infraestructuras y los servicios se ve superado, lo que provoca un crecimiento de los barrios marginales o de condiciones similares.
El crecimiento urbano descontrolado, la contaminación atmosférica y la escasez de espacios públicos abiertos persisten en las ciudades.
Desde la implementación de los ODS en 2015 se han realizado grandes progresos y, a día de hoy, el número de países con estrategias nacionales y locales de reducción del riesgo de catástrofes se ha duplicado. No obstante, siguen existiendo problemas y, en 2022, solo la mitad de la población urbana mundial tenía acceso al transporte público.
No es posible alcanzar el desarrollo sostenible sin transformar significativamente la forma en que se construyen y gestionan los espacios urbanos.",1
Objetivo 12: Garantizar modalidades de consumo y producción sostenibles,"El Objetivo 12 pretende garantizar modalidades de consumo y producción sostenibles, algo fundamental para sostener los medios de subsistencia de las generaciones actuales y futuras.
Nuestro planeta se está quedando sin recursos, pero el índice de población sigue creciendo. En caso de que la población mundial alcance los 9800 millones de personas en 2050, se podría necesitar el equivalente a casi tres planetas para proporcionar los recursos naturales necesarios para mantener los estilos de vida actuales.
Para reducir nuestros niveles de consumo, debemos cambiar nuestros hábitos de consumo, y una de las principales medidas que debemos adoptar es sustituir los sistemas de suministro energético por otros más sostenibles. Las crisis mundiales provocaron un resurgimiento de las subvenciones a los combustibles fósiles, que casi se duplicaron de 2020 a 2021.
Se están produciendo cambios prometedores en las empresas, como la tendencia al aumento de la elaboración de informes de sostenibilidad ―que en apenas unos años se ha visto casi triplicada―, lo que demuestra un mayor nivel de compromiso y concienciación sobre la necesidad de dar prioridad a las prácticas sostenibles en todos los sectores empresariales.
El desperdicio de alimentos es otro indicio del consumo excesivo. Abordar la pérdida de alimentos es urgente y requiere políticas específicas basadas en datos, así como inversiones en tecnologías, infraestructuras, enseñanza y supervisión. A pesar de que una gran parte de la población mundial pasa hambre, cada año se desperdicia la asombrosa cantidad de 931 millones de toneladas de alimentos.",1
Objetivo 13: Adoptar medidas urgentes para combatir el cambio climático y sus efectos,"El cambio climático afectará a todas las personas de todos los países de todos los continentes de alguna forma. Se avecina un cataclismo climático y no estamos preparados para las posibles consecuencias.
El cambio climático se debe a las actividades humanas y amenaza la vida en la Tierra tal como la conocemos. Con el aumento de las emisiones de gases de efecto invernadero, el cambio climático evoluciona a un ritmo mucho más rápido de lo previsto. Sus efectos pueden ser devastadores y pueden provocar fenómenos meteorológicos extremos y cambiantes, así como la subida del nivel del mar.
De no controlarse, el cambio climático echará por tierra muchos de los avances logrados en materia de desarrollo en los últimos años. También provocará migraciones masivas que derivarán en inestabilidad y guerras.
Para limitar el calentamiento global a 1,5 °C por encima de los niveles preindustriales, las emisiones ya deberían estar disminuyendo y necesitan reducirse casi a la mitad para 2030, dentro de solo siete años. Sin embargo, estamos muy lejos de lograr este objetivo.
Es crucial tomar medidas urgentes y transformadoras que vayan más allá de meros planes y promesas. Esto exige aumentar las ambiciones, abarcar economías enteras y avanzar hacia un desarrollo resiliente al clima, al tiempo que se traza una trayectoria clara para lograr cero emisiones netas. El tiempo se acaba y es necesario tomar medidas inmediatas para evitar consecuencias catastróficas y garantizar un futuro sostenible a las generaciones venideras.",1
"Objetivo 14: Conservar y utilizar sosteniblemente los océanos, los mares y los recursos marinos","El Objetivo 14 pretende conservar y utilizar sosteniblemente los océanos, los mares y los recursos marinos. La existencia humana y la vida en la Tierra dependen de unos océanos y mares sanos.
Los océanos son intrínsecos a nuestra vida en la Tierra. Cubren tres cuartas partes de la superficie terrestre, contienen el 97 % del agua de la Tierra y representan el 99 % del espacio vital del planeta por volumen.
Proporcionan recursos naturales clave como alimentos, medicinas, biocombustibles y otros productos; ayudan a descomponer y eliminar los residuos y a reducir la contaminación; y sus ecosistemas costeros contribuyen a reducir los daños causados por las tormentas. También constituyen el mayor sumidero de carbono del planeta.
La contaminación marina está alcanzando niveles extremos. Más de 17 millones de toneladas métricas contaminaban el océano en 2021, cifra que se duplicará o triplicará para el año 2040, lo que resulta preocupante. El plástico es el tipo de desecho marino más dañino.
En la actualidad, el pH medio del océano es de 8,1, aproximadamente un 30 % más ácido que en la época preindustrial. La acidificación de los océanos amenaza la supervivencia de la vida marina, perturba la cadena alimentaria y socava tanto los servicios vitales que prestan los océanos como nuestra propia seguridad alimentaria.
La gestión responsable de este vital recurso mundial es una de las claves de un futuro sostenible. Esto implica aumentar la financiación de la ciencia oceánica, intensificar los esfuerzos de conservación, y cambiar con urgencia el rumbo del cambio climático para salvaguardar el mayor ecosistema del planeta. Los esfuerzos actuales para proteger los océanos no responden aún a la urgente necesidad de salvaguardar este vasto, aunque frágil, recurso.",1
"Objetivo 15: Gestionar sosteniblemente los bosques, luchar contra la desertificación, detener e invertir la degradación de las tierras, detener la pérdida de biodiversidad","El Objetivo 15 pretende conservar la vida de ecosistemas terrestres. Busca proteger y restablecer los ecosistemas terrestres, gestionar sosteniblemente los bosques, luchar contra la desertificación, detener e invertir la degradación de las tierras, y detener la pérdida de biodiversidad.
Los ecosistemas terrestres son vitales para el sostenimiento de la vida humana, contribuyen a más de la mitad del PIB mundial e incluyen diversos valores culturales, espirituales y económicos.
Sin embargo, el mundo se enfrenta a una triple crisis del cambio climático, a la contaminación y a la pérdida de la biodiversidad.
Más de 100 millones de hectáreas de tierras sanas y productivas se degradaron anualmente entre 2015 y 2019, lo que afectó a la vida de 1300 millones de personas.
La expansión agrícola es el motor directo de casi el 90 % de la deforestación mundial. Esta cifra guarda relación directa con nuestros sistemas alimentarios, pues la cosecha de palma de aceite representó por sí sola el 7 % de la deforestación mundial entre los años 2000 y 2018.
Los esfuerzos mundiales y regionales para mantener los ecosistemas forestales, así como sus funciones sociales, económicas y medioambientales, son esenciales especialmente para los países en desarrollo y los trópicos.
Para cumplir el Objetivo 15, es esencial un cambio fundamental en la relación de la humanidad con la naturaleza, y tomar conciencia de que la naturaleza es la base de nuestra vida en la Tierra. El Marco Mundial Kunming-Montreal de la Diversidad Biológica, recientemente adoptado, ofrece al Objetivo 15 un impulso renovado al esbozar cuatro objetivos orientados a resultados que deben alcanzarse para 2050 y 23 metas que deben lograrse para 2030.",1
"Objetivo 16: Promover sociedades justas, pacíficas e inclusivas","El Objetivo 16 pretende promover sociedades pacíficas e inclusivas, facilitar el acceso a la justicia para toda la población y crear instituciones eficaces, responsables e inclusivas a todos los niveles. Las personas de todo el mundo deben vivir libres del miedo a cualquier forma de violencia y sentirse seguras en su día a día, sea cual sea su origen étnico, religión u orientación sexual.
Sin embargo, los conflictos violentos, actuales y nuevos, en todo el mundo, están haciendo descarrilar el camino global hacia la paz y hacia la consecución del Objetivo 16.
Resulta alarmante que en el año 2022 se produjera un aumento en más del 50 % en el número de muertes de civiles relacionadas con los conflictos, el primero desde la adopción de la Agenda 2030, debido en gran parte a la guerra de Ucrania.
Los altos niveles de violencia armada e inseguridad tienen consecuencias destructivas para el desarrollo de un país, mientras que la violencia sexual, los delitos, la explotación y la tortura son fenómenos generalizados donde existen conflictos o no hay Estado de derecho, por lo que los países deben tomar medidas para proteger a los sectores que corren más riesgos.
Los gobiernos, la sociedad civil y las comunidades deben colaborar para encontrar soluciones duraderas a los conflictos y al clima de inseguridad. El fortalecimiento del Estado de derecho y la promoción de los derechos humanos es fundamental en este proceso, así como la reducción del tráfico de armas ilícitas, la lucha contra la corrupción y el fomento de una participación inclusiva.",1
Objetivo 17: Revitalizar la Alianza Mundial para el Desarrollo Sostenible,"El Objetivo 17 pretende revitalizar la alianza mundial para el desarrollo sostenible. La Agenda 2030 es universal y exige la implicación de todos los países, tanto desarrollados como en desarrollo, para garantizar que nadie se quede atrás. También requiere la colaboración entre los gobiernos, el sector privado y la sociedad civil.
Los Objetivos de Desarrollo Sostenible solo se pueden conseguir con asociaciones mundiales sólidas y cooperación para garantizar que nadie se quede atrás en nuestro camino hacia el desarrollo.
Sin embargo, no todos los países se encuentran en la misma situación de partida, y los países de ingresos bajos y medios afrontan enormes deudas que les impiden hacer avances en esta materia.
Después de la pandemia de la COVID-19, los países en desarrollo se enfrentan a un aumento sin precedentes de los niveles de deuda externa, agravado por retos como una inflación extrema, la escalada de las tasas de interés, prioridades contrapuestas y una capacidad fiscal limitada, lo que subraya la urgente necesidad de alivio de la deuda y asistencia financiera.
Aunque las corrientes de asistencia oficial para el desarrollo (AOD) siguen alcanzando máximos históricos, el aumento en 2022 se atribuye principalmente al gasto en refugiados en los países donantes y a la ayuda a Ucrania.
Para tener éxito, es necesario movilizar tanto los recursos existentes como los adicionales, y los países desarrollados deberán cumplir sus compromisos de aumentar la asistencia oficial para el desarrollo.",1
"1. Ordenamiento del Territorio Alrededor del Agua y Justicia
Ambiental","Esta transformación busca reorganizar el uso del territorio colombiano poniendo el agua y la biodiversidad en el centro de las decisiones, garantizando la protección de ecosistemas estratégicos como páramos, humedales y cuencas hidrográficas. Propone una gobernanza ambiental inclusiva, con participación comunitaria y la implementación de instrumentos como el catastro multipropósito y el Sistema de Administración del Territorio (SAT) para reducir conflictos socioambientales, formalizar la tenencia de tierras y promover un desarrollo urbano y rural sostenible. Además, busca modernizar la gestión del riesgo de desastres y adaptarse al cambio climático, priorizando la conservación y el acceso equitativo al agua.",2
2. Seguridad Humana y Justicia Social,"Esta línea busca garantizar el bienestar integral de la población mediante un sistema de protección social universal que incluya transferencias monetarias (como la Renta Ciudadana), acceso a salud preventiva, educación de calidad y trabajo digno. Promueve la justicia centrada en las personas, con enfoques diferenciales para víctimas del conflicto, adultos mayores y poblaciones vulnerables. También impulsa la transformación digital, la movilidad sostenible y la seguridad ciudadana desde una perspectiva de derechos humanos, buscando reducir la violencia, la pobreza y las desigualdades históricas.",2
3. Derecho Humano a la Alimentación,"Esta transformación tiene como objetivo garantizar que todos los colombianos accedan a alimentos suficientes, nutritivos y culturalmente adecuados, promoviendo sistemas agroalimentarios sostenibles. Incluye medidas para modernizar la producción rural, reducir pérdidas en las cadenas de suministro, fomentar prácticas agrícolas respetuosas con el medio ambiente y fortalecer la soberanía alimentaria. Además, busca combatir la malnutrición mediante políticas públicas que integren saberes tradicionales y enfoques territoriales, asegurando que el derecho a la alimentación sea una realidad en todos los rincones del país.",2
"4. Transformación Productiva, Internacionalización y
Acción Climática","Esta línea impulsa un cambio en el modelo económico hacia uno bajo en carbono y basado en la biodiversidad, promoviendo energías renovables, bioeconomía y reindustrialización sostenible. Incluye la protección de ecosistemas clave, la descarbonización del transporte y la adopción de prácticas circulares en ciudades y sectores productivos. También fomenta la innovación tecnológica, el turismo responsable y la integración de Colombia en cadenas globales de valor con criterios ambientales, buscando posicionar al país como líder en acción climática y desarrollo verde.",2
5. Convergencia Regional,"Esta transformación busca reducir las brechas entre regiones mediante estrategias de desarrollo territorial equilibrado, con inversión en infraestructura vial, conectividad digital y servicios básicos para zonas rurales y marginadas. Promueve la articulación entre municipios, la participación comunitaria en la planeación y la implementación de proyectos con impacto regional, especialmente en territorios afectados por el conflicto (como los PDET). Además, fortalece la gobernanza local y la cooperación fronteriza, asegurando que las políticas públicas respondan a las necesidades específicas de cada territorio.",2
Seguridad Multidimensional,"Busca reducir la pobreza multidimensional y mejorar la seguridad desde un enfoque integral que abarca no solo lo militar o policial, sino también lo social y ambiental. Este eje articula capacidades institucionales en todos los niveles (local, regional y nacional) para garantizar presencia estatal efectiva y derechos ciudadanos.",3
Prosperidad,"Enfocado en crear condiciones para el crecimiento económico, impulsando sectores estratégicos como el turismo, la educación, la infraestructura vial, el bilingüismo, el acceso al agua potable, y el empoderamiento del sector agrario. Pretende aumentar la riqueza colectiva y mejorar la calidad de vida mediante inversión social y productividad.",3
Sostenibilidad,"Este eje promueve el desarrollo económico sin comprometer los recursos naturales del departamento. Se enfoca en proteger el agua, el páramo, la biodiversidad y en fomentar proyectos de energías renovables, economía circular y responsabilidad ambiental para asegurar un entorno habitable para las futuras generaciones.",3
Educación. Línea Estratégica 1: Territorio que Integra,"Busca garantizar una educación inclusiva y de calidad, reduciendo brechas entre instituciones públicas y privadas. Incluye acciones como fortalecer la jornada única, promover el bilingüismo (meta del 40% de jóvenes bilingües para 2034), modernizar infraestructura escolar y reducir la deserción, especialmente en poblaciones vulnerables. También impulsa alianzas con universidades y programas técnicos para mejorar oportunidades laborales.",4
Salud y Protección Social. Línea Estratégica 1: Territorio que Integra,"Tiene como objetivo mejorar el acceso a servicios de salud preventiva y predictiva, con énfasis en poblaciones rurales y grupos vulnerables. Aborda problemas como enfermedades crónicas, salud mental (depresión, consumo de sustancias) y falta de articulación entre servicios sociales. Incluye ampliación de centros de salud, campañas de prevención y programas intersectoriales para atención integral.",4
Deporte y Recreación. Línea Estratégica 1: Territorio que Integra,"Promueve actividades deportivas y recreativas como herramientas de integración social y bienestar físico-mental. Focaliza esfuerzos en comunidades marginadas, con infraestructura accesible (parques, canchas) y programas para niños, jóvenes y adultos mayores. Busca reducir sedentarismo y violencia mediante el deporte, además de fomentar talentos locales.",4
Cultura. Línea Estratégica 1: Territorio que Integra,"Trabaja en la preservación y promoción de la diversidad cultural de Bucaramanga, apoyando artistas locales, patrimonios tangibles e intangibles, y espacios comunitarios. Incluye talleres artísticos, recuperación de tradiciones y eventos que fortalezcan la identidad bumanguesa, con enfoque en poblaciones históricamente excluidas (étnicas, rurales).",4
Inclusión Social y Reconciliación. Línea Estratégica 1: Territorio que Integra,"Atiende necesidades específicas de grupos vulnerables (mujeres, adultos mayores, LGBTIQ+, migrantes, víctimas del conflicto, personas con discapacidad). Implementa políticas de equidad, acceso a derechos básicos (vivienda, empleo) y procesos de reconciliación comunitaria. Ejemplos: programas contra violencia de género, inclusión laboral para discapacitados y apoyo psicosocial a víctimas.",4
Trabajo. Línea Estratégica 2: Territorio que Progresa,"Busca generar empleo formal y reducir la informalidad laboral (meta: 40% para 2027) mediante alianzas con el sector privado, capacitación técnica y apoyo a emprendimientos. Incluye programas de primer empleo para jóvenes, incentivos a empresas que contraten poblaciones vulnerables y fortalecimiento de la economía popular.",4
"Comercio, Industria y Turismo. Línea Estratégica 2: Territorio que Progresa","Impulsa la competitividad empresarial y el turismo sostenible mediante modernización de mercados, certificaciones de calidad y promoción de Bucaramanga como destino de negocios y cultura. Apoya PYMES, negocios verdes y circuitos turísticos que integren la riqueza natural y patrimonial del área metropolitana.",4
"Ciencia, Tecnología e Innovación. Línea Estratégica 2: Territorio que Progresa","Desarrolla un ecosistema de innovación con proyectos como el Parque Tecnológico, vinculación universidad-empresa y financiamiento a startups. Prioriza sectores estratégicos (salud, energía limpia, TIC) y formación en habilidades digitales para la Cuarta Revolución Industrial.",4
Tecnologías de la Información y Comunicación. Línea Estratégica 2: Territorio que Progresa,"Garantiza conectividad digital en zonas urbanas y rurales, con infraestructura de internet accesible y programas de alfabetización digital. Promueve gobierno electrónico, telemedicina y teletrabajo para reducir brechas tecnológicas.",4
Agricultura y Desarrollo Rural. Línea Estratégica 2: Territorio que Progresa,"Fortalece la agricultura campesina con asistencia técnica, comercialización de productos locales y tecnologías sostenibles. Incluye proyectos de seguridad alimentaria, riego eficiente y turismo rural para dinamizar la economía campesina.",4
Transporte. Línea Estratégica 2: Territorio que Progresa,"Moderniza el sistema de movilidad con corredores estratégicos, integración del transporte público (ej. Metrolínea) y promoción de modos sostenibles (bicicletas, peatonalización). Reduce tiempos de desplazamiento y contaminación mediante planes de movilidad inteligente.",4
"Vivienda, Ciudad y Territorio. Línea Estratégica 2: Territorio que Progresa","Garantiza acceso a vivienda digna con proyectos de urbanismo social y legalización de asentamientos. Implementa estrategias de densificación equilibrada, espacio público accesible y renovación urbana en zonas marginadas.",4
Minas y Energía. Línea Estratégica 2: Territorio que Progresa,"Fomenta energías limpias (solar, biomasa) y minería responsable. Incluye programas de eficiencia energética para empresas y hogares, así como transición hacia una matriz energética sostenible.",4
Gobierno Territorial. Línea Estratégica 3: Territorio Sostenible,"Implementa políticas públicas ambientales y de gestión del riesgo, fortaleciendo la gobernanza institucional para la sostenibilidad. Incluye planes de ordenamiento territorial con enfoque ecológico y mecanismos de participación ciudadana en la toma de decisiones ambientales.",4
Ambiente y Desarrollo Sostenible. Línea Estratégica 3: Territorio Sostenible,"Protege los recursos naturales mediante estrategias de conservación de cuencas hídricas, reforestación y economía circular. Implementa programas de calidad del aire, manejo integral de residuos (meta: 30% de reciclaje para 2027) y corredores verdes urbanos para aumentar espacios públicos sostenibles.",4
Gestión del Riesgo. Línea Estratégica 3: Territorio Sostenible,"Reduce vulnerabilidades ante desastres naturales con sistemas de alerta temprana, obras de mitigación en zonas de alto riesgo y capacitación comunitaria. Prioriza soluciones basadas en la naturaleza para enfrentar el cambio climático.",4
Bienestar Animal. Línea Estratégica 3: Territorio Sostenible,"Promueve la protección y tenencia responsable de animales mediante campañas de esterilización, centros de atención veterinaria gratuita y educación ciudadana. Combate el maltrato animal y fomenta la adopción de fauna doméstica en situación de calle.",4
Energías Limpias. Línea Estratégica 3: Territorio Sostenible,"Impulsa la transición energética con proyectos de energía solar en edificios públicos, transporte eléctrico y eficiencia energética en industrias. Meta: 10% de energías renovables en la matriz municipal para 2027.",4
Gobierno Territorial. Línea Estratégica 4: Territorio que Genera Valor,"Moderniza la administración pública mediante sistemas digitales, simplificación de trámites y profesionalización del talento humano. Implementa estrategias de gobierno abierto para garantizar transparencia y eficiencia en la gestión de recursos públicos.",4
Información Estadística. Línea Estratégica 4: Territorio que Genera Valor,"Fortalece los sistemas de datos territoriales para la toma de decisiones basada en evidencia. Integra plataformas tecnológicas que permitan el monitoreo en tiempo real de indicadores sociales, económicos y ambientales.",4
Organismos de Control. Línea Estratégica 4: Territorio que Genera Valor,"Promueve la rendición de cuentas y lucha contra la corrupción mediante auditorías ciudadanas, veedurías comunitarias y sistemas de denuncia protegida. Fortalece la coordinación entre Personería, Contraloría y entes de vigilancia.",4
Gobierno territorial. Línea estratégica 5: Territorio seguro,"A través de la estrategia de Gestores de Convivencia, se implementa un abordaje integral orientado a la prevención y reducción del delito, con énfasis en el hurto, la violencia interpersonal y la violencia intrafamiliar, mediante acciones pedagógicas que buscan disminuir comportamientos contrarios a la convivencia. Esta estrategia se focaliza en tres ejes principales: el respeto y garantía del derecho a la protesta pacífica, el diagnóstico y abordaje de conflictividades sociales, y el apoyo a los frentes de seguridad. Como objetivo general, el programa busca gestionar escenarios, espacios o mecanismos que articulen la participación de la comunidad, los organismos de seguridad —en especial la Policía Metropolitana de Bucaramanga— y la administración municipal. Todo esto bajo un enfoque multidisciplinario y participativo, que permita realizar diagnósticos territoriales y situacionales, sistematizar experiencias y proponer soluciones a los principales factores que generan comportamientos contrarios a la convivencia o facilitan la comisión de delitos, tanto en barrios y veredas como en el espacio público y en puntos críticos de criminalidad previamente priorizados.",4
Justicia y del derecho. Línea estratégica 5: Territorio seguro,"La ciudad de Bucaramanga enfrenta actualmente el reto de seguridad más significativo de su historia, evidenciado en la creciente vulneración de los derechos y libertades de sus habitantes. En los últimos cuatro años, las cifras estadísticas muestran un aumento sostenido en distintos tipos penales, cuyas conductas delictivas han permeado escenarios públicos, entornos escolares y espacios recreativos. Este fenómeno responde a múltiples factores causales, facilitadores y de riesgo que han contribuido al deterioro de la seguridad y a una creciente percepción de inseguridad entre la ciudadanía. Aunque las instituciones han incrementado su capacidad operativa en respuesta a esta situación, dicho esfuerzo no ha sido suficiente para contrarrestar el contexto actual ni para alcanzar la estabilización de un territorio verdaderamente seguro, próspero y sostenible.",4